customer_id,signup_date,last_active,total_spend,num_support_tickets,total_logins,subscription_type,country,churned
CUST_0,2024-08-09,2024-11-28,3860.228794645226,3,126,enterprise,Canada,0
CUST_1,2024-01-10,2024-12-11,990.0090712167104,4,187,enterprise,Australia,0
CUST_2,2024-10-04,2024-12-26,1843.8392406208866,3,11,enterprise,UK,0
CUST_3,2024-04-02,2024-12-02,4861.862209949107,8,181,premium,Australia,0
CUST_4,2024-11-25,2024-12-01,1137.1093535234136,6,120,premium,Australia,0
CUST_5,2024-04-14,2024-12-21,3688.2616528418666,8,198,enterprise,USA,0
CUST_6,2024-11-09,2024-12-13,4212.6121494346,1,46,premium,Canada,0
CUST_7,2024-01-28,2024-12-11,2309.5655927581442,0,189,premium,Canada,0
CUST_8,2024-11-26,2024-12-16,2311.268540464387,7,32,basic,UK,0
CUST_9,2024-05-17,2024-12-10,4500.224740517435,2,130,basic,UK,0
CUST_10,2024-09-03,2024-12-11,313.80089364038406,4,159,enterprise,Canada,0
CUST_11,2024-09-06,2024-12-13,1870.1056713045014,1,128,basic,USA,0
CUST_12,2024-10-07,2024-12-16,4708.795134894438,3,196,premium,USA,0
CUST_13,2024-06-01,2024-12-12,3267.6249102537067,4,32,enterprise,Australia,0
CUST_14,2024-10-31,2024-12-01,1391.6049539899554,7,157,basic,Canada,0
CUST_15,2024-07-15,2024-12-22,178.43241156425069,3,127,basic,USA,0
CUST_16,2024-11-27,2024-12-22,2225.820728871957,8,58,basic,Australia,0
CUST_17,2024-04-05,2024-12-18,941.7122935670184,7,38,enterprise,Canada,1
CUST_18,2024-10-05,2024-12-24,1016.9370290248836,5,32,premium,USA,0
CUST_19,2024-09-21,2024-12-21,4346.727290551223,1,48,basic,USA,0
CUST_20,2024-02-23,2024-12-17,1775.2988150783485,4,185,enterprise,Canada,0
CUST_21,2024-07-20,2024-12-26,3954.1879635059986,4,57,premium,Canada,0
CUST_22,2024-10-12,2024-12-06,2857.2511989778322,9,130,basic,Canada,0
CUST_23,2024-05-31,2024-12-01,798.4689928180203,0,97,basic,Canada,0
CUST_24,2024-07-28,2024-12-11,1918.8891902903629,6,98,premium,Canada,0
CUST_25,2024-05-30,2024-12-17,512.5236461370706,2,107,basic,Australia,0
CUST_26,2024-03-08,2024-12-04,1307.8279676249977,0,29,basic,USA,0
CUST_27,2024-11-07,2024-12-02,2818.517302536926,2,42,premium,Canada,0
CUST_28,2024-09-30,2024-12-14,4054.676831769925,2,13,basic,Australia,0
CUST_29,2024-11-23,2024-12-16,645.9871027594871,3,99,enterprise,Canada,0
CUST_30,2024-10-18,2024-12-23,4536.886245392065,8,50,premium,Canada,0
CUST_31,2024-06-20,2024-12-10,4629.738766698913,0,129,premium,Canada,0
CUST_32,2024-04-13,2024-12-14,4802.894249051965,8,45,premium,USA,0
CUST_33,2024-05-04,2024-12-03,4212.439110768266,8,70,enterprise,Australia,0
CUST_34,2024-06-04,2024-12-11,3266.3591056425253,5,30,enterprise,UK,0
CUST_35,2024-02-24,2024-12-24,1129.6321977217497,0,39,enterprise,UK,0
CUST_36,2024-04-03,2024-12-13,1159.693579779513,4,49,basic,Canada,0
CUST_37,2024-01-24,2024-12-23,1131.7935661870463,9,49,enterprise,Canada,0
CUST_38,2024-09-12,2024-12-14,195.98147689516287,6,97,basic,Australia,0
CUST_39,2024-09-21,2024-12-27,3335.350037696468,2,87,enterprise,UK,0
CUST_40,2024-02-29,2024-12-26,1571.7032357570995,6,87,premium,Canada,0
CUST_41,2024-01-29,2024-12-11,2823.170068683263,2,157,basic,Australia,0
CUST_42,2024-01-04,2024-12-05,1236.2682392179827,8,74,premium,USA,0
CUST_43,2024-01-23,2024-12-27,637.0833564301574,7,127,premium,UK,0
CUST_44,2024-10-11,2024-12-22,3843.762283864592,1,7,enterprise,USA,0
CUST_45,2024-08-31,2024-12-14,4111.574599854951,1,192,enterprise,Canada,0
CUST_46,2024-08-23,2024-12-17,3084.65680031528,9,32,premium,USA,0
CUST_47,2024-02-23,2024-12-08,2597.4394363361043,8,62,enterprise,USA,0
CUST_48,2024-09-06,2024-11-30,4094.589633172086,1,67,enterprise,Australia,0
CUST_49,2024-03-03,2024-12-02,4372.901101388288,6,136,basic,Australia,0
CUST_50,2024-10-08,2024-12-26,813.1219601120714,5,29,premium,Australia,0
CUST_51,2024-01-10,2024-12-17,4025.524657355049,8,161,enterprise,USA,0
CUST_52,2024-06-05,2024-12-12,2475.753954786056,7,64,premium,UK,0
CUST_53,2024-08-24,2024-11-30,2802.14006563528,5,49,premium,UK,0
CUST_54,2024-02-03,2024-11-29,357.4592001011854,5,70,enterprise,Canada,0
CUST_55,2024-07-16,2024-12-17,1912.4692398322993,1,195,enterprise,UK,0
CUST_56,2024-09-11,2024-12-26,4228.589569028425,2,13,enterprise,Australia,0
CUST_57,2024-09-17,2024-12-05,2824.2272237541706,2,106,premium,Australia,0
CUST_58,2024-01-08,2024-12-01,511.65654063352576,0,13,enterprise,Canada,0
CUST_59,2024-07-26,2024-12-24,491.6297741212184,2,60,premium,Australia,0
CUST_60,2024-06-11,2024-12-17,2864.528832457496,0,127,enterprise,Canada,0
CUST_61,2024-01-20,2024-12-09,352.22583743978817,9,68,premium,Canada,0
CUST_62,2024-07-11,2024-11-29,614.1655441605908,4,139,premium,Canada,0
CUST_63,2024-04-11,2024-12-22,3575.9578942123617,3,5,premium,USA,0
CUST_64,2024-01-22,2024-12-12,352.21616444332767,4,133,basic,UK,0
CUST_65,2024-06-30,2024-12-21,637.4455368369925,8,67,basic,UK,0
CUST_66,2024-01-28,2024-11-30,310.1270182469701,7,102,basic,Australia,0
CUST_67,2024-07-25,2024-12-01,3069.7653001119816,7,45,basic,Canada,0
CUST_68,2024-10-07,2024-11-29,1579.201961068173,9,94,premium,USA,0
CUST_69,2024-03-26,2024-12-18,4140.348109179691,4,72,premium,Canada,0
CUST_70,2024-10-24,2024-12-16,4922.2195517909495,7,128,enterprise,USA,0
CUST_71,2024-03-22,2024-12-04,518.4294517112039,8,56,premium,UK,0
CUST_72,2024-03-11,2024-12-20,3984.608479025735,4,183,enterprise,Australia,0
CUST_73,2024-02-04,2024-12-10,961.5250003200358,1,1,premium,USA,0
CUST_74,2024-11-19,2024-11-29,3035.1443452083886,0,59,basic,USA,0
CUST_75,2024-04-27,2024-12-23,1636.0960866206694,4,130,basic,Canada,0
CUST_76,2024-09-30,2024-12-24,103.39512699623117,7,187,enterprise,USA,0
CUST_77,2024-10-06,2024-12-26,3620.055286272862,6,20,basic,Australia,0
CUST_78,2024-04-27,2024-12-22,1948.063273498579,1,108,premium,Australia,0
CUST_79,2024-11-07,2024-12-23,3181.2252488261656,4,12,basic,Australia,0
CUST_80,2024-03-17,2024-12-19,4565.524887344214,1,81,premium,Canada,0
CUST_81,2024-11-18,2024-12-23,277.4418727878373,7,155,basic,USA,0
CUST_82,2024-07-07,2024-12-19,4279.867210350077,4,40,premium,Canada,0
CUST_83,2024-06-18,2024-12-19,1272.0322913610464,5,124,premium,UK,0
CUST_84,2024-09-20,2024-12-18,719.7141436487778,3,198,enterprise,Australia,0
CUST_85,2024-09-20,2024-12-07,2882.3936641260134,2,185,basic,Australia,0
CUST_86,2024-07-11,2024-12-06,4631.084812571058,0,168,enterprise,Australia,0
CUST_87,2024-05-28,2024-12-04,4721.2264449906515,2,83,enterprise,UK,0
CUST_88,2024-05-15,2024-12-08,946.8463442274818,9,128,enterprise,USA,0
CUST_89,2024-08-13,2024-12-12,2753.2826259364238,2,73,basic,USA,0
CUST_90,2024-07-29,2024-12-27,3735.269164363818,5,160,premium,Australia,0
CUST_91,2024-09-20,2024-12-04,2872.133305292072,0,57,enterprise,USA,0
CUST_92,2024-01-20,2024-12-08,970.5332675816431,4,196,enterprise,UK,0
CUST_93,2024-05-23,2024-12-18,3785.8284159269942,6,72,premium,Canada,0
CUST_94,2024-10-20,2024-12-20,753.2309332103559,5,25,basic,Canada,0
CUST_95,2024-11-23,2024-12-02,4742.901987698798,2,90,enterprise,UK,0
CUST_96,2024-01-23,2024-12-10,4047.527340560563,7,17,premium,USA,0
CUST_97,2024-03-11,2024-12-18,4212.224155866057,7,36,basic,Canada,0
CUST_98,2024-07-12,2024-12-19,597.7062264705546,4,106,enterprise,UK,0
CUST_99,2024-06-22,2024-11-29,3368.6612033153524,9,63,basic,UK,0
CUST_100,2024-03-02,2024-11-29,1570.8751499033401,8,54,enterprise,UK,0
CUST_101,2024-07-05,2024-12-20,2872.3039273887207,3,142,premium,Canada,0
CUST_102,2024-01-04,2024-12-24,4192.437652245733,2,82,enterprise,Canada,0
CUST_103,2024-03-10,2024-11-30,987.8150577883724,1,70,premium,Australia,0
CUST_104,2024-04-01,2024-12-08,4189.606339113772,0,110,premium,Canada,0
CUST_105,2024-04-20,2024-12-19,2360.6140671140947,8,125,premium,USA,0
CUST_106,2024-07-02,2024-12-25,1957.5712297582713,9,7,basic,UK,0
CUST_107,2024-05-22,2024-12-07,450.3068501679377,7,190,premium,Australia,0
CUST_108,2024-05-29,2024-12-14,3573.944197570152,8,153,basic,Australia,0
CUST_109,2024-06-03,2024-12-23,658.1686745552917,2,78,basic,Australia,0
CUST_110,2024-10-08,2024-12-22,2026.7726720391097,4,182,premium,Canada,0
CUST_111,2024-11-22,2024-12-05,4701.3042435291845,1,69,premium,Australia,0
CUST_112,2024-08-15,2024-12-17,349.7246357915798,2,53,premium,Australia,0
CUST_113,2024-01-19,2024-12-27,153.0466489887173,8,24,premium,Australia,1
CUST_114,2024-03-18,2024-12-26,450.70276282721784,9,155,premium,Canada,0
CUST_115,2024-05-20,2024-12-15,538.6259540400206,3,189,premium,UK,0
CUST_116,2024-06-08,2024-12-27,4944.421873335162,8,81,basic,Canada,0
CUST_117,2024-02-29,2024-12-19,220.29395569949367,1,162,basic,USA,0
CUST_118,2024-05-31,2024-12-04,3026.4355416862427,7,1,basic,USA,0
CUST_119,2024-04-30,2024-12-25,4113.3040522422925,0,186,basic,USA,0
CUST_120,2024-06-21,2024-12-16,1828.3473194528792,8,5,basic,USA,0
CUST_121,2024-07-20,2024-12-03,1354.9481053306984,5,45,enterprise,Australia,0
CUST_122,2024-05-02,2024-12-05,2653.600683352876,5,121,basic,Australia,0
CUST_123,2024-02-02,2024-12-14,2414.666107617965,1,68,basic,Australia,0
CUST_124,2024-05-30,2024-11-30,3911.7841498888884,1,154,enterprise,Australia,0
CUST_125,2024-01-14,2024-12-03,2055.5247489325616,7,156,premium,Canada,0
CUST_126,2024-06-13,2024-12-22,3793.871764476553,6,51,premium,Canada,0
CUST_127,2024-09-30,2024-12-03,387.9416168561333,5,43,premium,Australia,0
CUST_128,2024-01-26,2024-12-07,487.62478246156047,8,62,premium,Australia,0
CUST_129,2024-09-05,2024-12-03,2335.9542159637904,4,195,premium,Canada,0
CUST_130,2024-11-10,2024-12-12,1716.8519698763942,1,187,premium,USA,0
CUST_131,2024-03-07,2024-12-23,3656.052385302149,3,98,basic,Australia,0
CUST_132,2024-02-24,2024-12-02,4708.790724702068,3,177,basic,Australia,0
CUST_133,2024-07-10,2024-12-25,1925.1304782593427,7,118,enterprise,Canada,0
CUST_134,2024-06-02,2024-12-09,2036.6040914671933,9,124,premium,Australia,0
CUST_135,2024-08-04,2024-12-04,3185.0334399633175,0,114,premium,UK,0
CUST_136,2024-07-30,2024-12-20,2150.7224630271635,0,166,premium,Canada,0
CUST_137,2024-05-09,2024-11-29,2130.0736467537126,2,89,enterprise,UK,0
CUST_138,2024-05-10,2024-11-29,4087.4841933176685,6,132,basic,UK,0
CUST_139,2024-01-10,2024-12-14,4254.0620674820375,8,67,premium,Canada,0
CUST_140,2024-06-26,2024-12-18,792.886595542692,7,111,enterprise,USA,0
CUST_141,2024-07-07,2024-12-25,4422.714048417616,9,110,premium,Canada,0
CUST_142,2024-04-26,2024-12-03,4432.464407353761,4,196,basic,Canada,0
CUST_143,2024-10-19,2024-12-01,1183.7822006323877,0,130,premium,Canada,0
CUST_144,2024-02-22,2024-12-10,3950.262279183598,2,176,premium,UK,0
CUST_145,2024-04-05,2024-12-22,3447.201928945953,3,115,enterprise,UK,0
CUST_146,2024-05-09,2024-12-13,255.73509189843278,5,145,enterprise,Australia,0
CUST_147,2024-02-20,2024-12-11,1470.5272979882288,9,147,basic,USA,0
CUST_148,2024-06-19,2024-12-15,2931.257136452202,0,19,basic,UK,0
CUST_149,2024-06-16,2024-12-06,2063.705049073418,4,75,premium,Canada,0
CUST_150,2024-03-10,2024-12-25,148.08710228757275,5,92,basic,UK,0
CUST_151,2024-02-14,2024-12-03,3871.784180863373,3,184,basic,Canada,0
CUST_152,2024-11-22,2024-12-02,636.110851082428,0,187,premium,Australia,0
CUST_153,2024-04-18,2024-12-09,1316.3489115631803,3,154,premium,Canada,0
CUST_154,2024-01-16,2024-12-10,1485.885914756156,7,150,premium,USA,0
CUST_155,2024-08-04,2024-12-20,1291.2893404783242,6,82,basic,USA,0
CUST_156,2024-02-23,2024-12-10,515.9512708673611,5,56,enterprise,UK,0
CUST_157,2024-07-22,2024-12-16,1886.5469778555307,9,157,enterprise,Australia,0
CUST_158,2024-03-21,2024-12-07,3670.6461852225175,2,41,premium,Canada,0
CUST_159,2024-04-27,2024-12-13,1348.2442826590564,1,9,enterprise,UK,0
CUST_160,2024-06-11,2024-12-04,4850.9630521324625,7,41,premium,UK,0
CUST_161,2024-02-22,2024-12-06,4813.457120316118,0,42,premium,USA,0
CUST_162,2024-03-25,2024-12-05,420.29049963796996,5,46,enterprise,Canada,0
CUST_163,2024-10-12,2024-12-13,2222.1565692216686,5,11,enterprise,Canada,0
CUST_164,2024-01-01,2024-12-03,3945.131081038413,4,167,basic,Australia,0
CUST_165,2024-03-12,2024-12-03,1716.1650260858466,0,65,basic,Australia,0
CUST_166,2024-10-05,2024-12-27,1523.2554448025346,7,82,basic,Australia,0
CUST_167,2024-04-04,2024-12-21,742.9650068517393,7,143,enterprise,UK,0
CUST_168,2024-10-13,2024-12-14,4128.767684500299,4,76,premium,Australia,0
CUST_169,2024-08-31,2024-11-30,2557.6135526773032,2,10,enterprise,Canada,0
CUST_170,2024-03-06,2024-12-15,4671.737392773934,6,31,premium,UK,0
CUST_171,2024-01-16,2024-12-23,2225.8454714393606,6,169,premium,USA,0
CUST_172,2024-05-31,2024-12-19,3590.435533652997,0,95,basic,UK,0
CUST_173,2024-02-17,2024-12-27,4507.551153207327,0,73,basic,Australia,0
CUST_174,2024-01-08,2024-12-22,3020.3550427552063,7,70,basic,UK,0
CUST_175,2024-09-28,2024-12-09,2967.990415369344,2,31,enterprise,Canada,0
CUST_176,2024-08-01,2024-12-16,3205.7944173854244,1,78,premium,USA,0
CUST_177,2024-03-05,2024-12-16,1594.3446490638446,2,106,premium,UK,0
CUST_178,2024-01-02,2024-12-27,4375.835379459714,6,146,enterprise,UK,0
CUST_179,2024-08-27,2024-12-18,534.6769003005437,3,24,premium,Canada,0
CUST_180,2024-10-07,2024-12-02,3005.224604303721,5,78,enterprise,USA,0
CUST_181,2024-06-08,2024-12-05,926.7261289564972,3,30,premium,Australia,0
CUST_182,2024-11-18,2024-12-06,1354.0861855514902,0,93,enterprise,UK,0
CUST_183,2024-10-06,2024-12-03,3157.2942111869725,9,167,enterprise,Australia,0
CUST_184,2024-05-26,2024-12-24,4007.1225867427743,0,137,enterprise,UK,0
CUST_185,2024-10-02,2024-12-08,2512.1159345427695,9,133,premium,Australia,0
CUST_186,2024-09-28,2024-12-12,3717.425085322028,1,9,basic,Australia,0
CUST_187,2024-04-19,2024-12-06,4252.249289593221,1,147,premium,USA,0
CUST_188,2024-07-11,2024-12-15,3519.9496676513245,0,137,premium,USA,0
CUST_189,2024-04-15,2024-12-09,539.9214081289525,5,82,enterprise,UK,0
CUST_190,2024-10-23,2024-12-04,302.2766430804769,8,149,basic,USA,0
CUST_191,2024-09-25,2024-11-30,4462.363556440865,1,16,basic,UK,0
CUST_192,2024-04-13,2024-12-11,1539.7180901715747,4,159,basic,Australia,0
CUST_193,2024-07-17,2024-12-24,2326.4971141795672,7,156,enterprise,Australia,0
CUST_194,2024-09-09,2024-12-10,1629.9725304559233,5,7,enterprise,Australia,0
CUST_195,2024-09-01,2024-12-20,3641.542964609255,9,110,premium,Australia,0
CUST_196,2024-07-19,2024-12-08,2120.73479591481,6,113,basic,UK,0
CUST_197,2024-02-13,2024-12-13,469.87139446817247,1,165,premium,Canada,0
CUST_198,2024-10-19,2024-12-08,4500.738111500846,5,59,enterprise,Australia,0
CUST_199,2024-06-04,2024-12-10,2568.4571386508555,3,61,basic,Canada,0
CUST_200,2024-10-05,2024-12-23,1781.4606951974406,5,38,premium,Australia,0
CUST_201,2024-10-31,2024-11-30,2135.376019691472,1,166,basic,Canada,0
CUST_202,2024-08-01,2024-11-30,2791.2420523688597,1,174,enterprise,USA,0
CUST_203,2024-09-30,2024-12-23,3378.688436672422,7,18,basic,UK,0
CUST_204,2024-09-03,2024-12-14,4155.232942739034,3,166,premium,Australia,0
CUST_205,2024-07-02,2024-12-15,868.3195279328128,1,161,premium,Canada,0
CUST_206,2024-04-09,2024-12-03,4854.78114777915,7,35,basic,USA,0
CUST_207,2024-10-04,2024-12-09,4265.920072514995,1,143,enterprise,UK,0
CUST_208,2024-11-25,2024-12-20,2662.593671837927,6,146,basic,Canada,0
CUST_209,2024-07-06,2024-12-03,4168.218738840889,6,154,enterprise,USA,0
CUST_210,2024-06-24,2024-12-04,3609.060289682321,7,16,basic,Canada,0
CUST_211,2024-08-26,2024-12-14,3364.530254140212,9,92,enterprise,USA,0
CUST_212,2024-06-08,2024-12-02,2294.5007763765775,7,49,basic,UK,0
CUST_213,2024-09-26,2024-12-24,2450.301703724881,1,94,basic,USA,0
CUST_214,2024-09-05,2024-12-09,4066.8084129093163,1,133,basic,Canada,0
CUST_215,2023-12-30,2024-12-08,2857.5188959289508,8,3,basic,Canada,0
CUST_216,2024-02-27,2024-12-05,1313.0748507569767,9,10,enterprise,UK,0
CUST_217,2024-07-25,2024-12-03,4357.5024490777805,3,169,basic,USA,0
CUST_218,2024-10-19,2024-12-14,3509.7565557479,4,177,premium,UK,0
CUST_219,2024-10-04,2024-12-03,3957.338718514027,2,153,enterprise,USA,0
CUST_220,2024-08-19,2024-11-29,4164.314603795332,2,47,enterprise,Canada,0
CUST_221,2024-05-13,2024-11-29,1927.639811329175,3,197,premium,Australia,0
CUST_222,2024-03-06,2024-12-07,3853.1210247114636,7,40,basic,USA,0
CUST_223,2024-02-01,2024-12-02,3440.714926196433,4,15,basic,Australia,0
CUST_224,2024-07-30,2024-12-05,4541.522027206551,2,137,basic,Canada,0
CUST_225,2024-02-04,2024-12-20,3247.2587141909835,3,15,premium,Canada,0
CUST_226,2024-06-02,2024-12-06,713.1515555179682,2,9,premium,UK,0
CUST_227,2024-05-22,2024-12-04,206.6805831731853,0,151,basic,UK,0
CUST_228,2024-05-06,2024-12-13,4596.472805088392,0,157,basic,UK,0
CUST_229,2024-08-18,2024-12-13,4948.743128437406,9,45,enterprise,USA,0
CUST_230,2024-04-14,2024-12-17,1019.455932329348,3,176,enterprise,Australia,0
CUST_231,2024-10-28,2024-12-19,1109.7507259953645,9,1,premium,Canada,0
CUST_232,2024-06-29,2024-11-29,2098.642648480302,8,99,premium,USA,0
CUST_233,2024-05-19,2024-12-19,4722.780100558193,8,43,enterprise,Australia,0
CUST_234,2024-01-06,2024-12-13,2315.01455504204,1,146,basic,Australia,0
CUST_235,2024-03-24,2024-11-30,1355.3896169313527,4,160,basic,UK,0
CUST_236,2024-03-19,2024-12-03,192.65822494400797,0,102,premium,USA,0
CUST_237,2024-08-18,2024-12-16,851.6474094725894,3,138,premium,Canada,0
CUST_238,2024-03-16,2024-11-30,1250.701569941533,7,199,premium,Australia,0
CUST_239,2024-05-30,2024-12-06,3319.4186653584784,7,52,premium,Canada,0
CUST_240,2024-03-11,2024-11-28,1744.8278280153627,4,197,premium,UK,0
CUST_241,2024-08-19,2024-12-16,2932.249141354154,3,54,basic,Canada,0
CUST_242,2024-10-23,2024-12-12,4729.606140114815,9,75,enterprise,Canada,0
CUST_243,2024-06-01,2024-12-20,4303.519793984558,2,150,basic,USA,0
CUST_244,2024-10-25,2024-12-18,2231.6596586998576,7,148,premium,USA,0
CUST_245,2024-09-25,2024-12-03,3017.647266196714,6,25,enterprise,UK,0
CUST_246,2024-09-21,2024-11-29,2898.4299276350125,9,76,premium,UK,0
CUST_247,2024-08-15,2024-12-26,2377.1932634563987,9,117,premium,USA,0
CUST_248,2024-05-03,2024-12-04,1396.7738575166507,1,54,basic,USA,0
CUST_249,2024-06-18,2024-12-07,4695.128513202085,5,89,enterprise,Canada,0
CUST_250,2024-02-12,2024-12-04,4740.954140515593,3,23,premium,USA,0
CUST_251,2024-04-28,2024-12-08,211.72681924193282,8,44,basic,Australia,1
CUST_252,2024-08-29,2024-12-12,2299.774714987839,9,84,premium,USA,0
CUST_253,2024-05-15,2024-12-06,1927.757163136789,0,13,enterprise,Australia,0
CUST_254,2024-02-19,2024-12-26,1957.6454563659445,4,60,enterprise,UK,0
CUST_255,2024-05-01,2024-12-03,4237.016514331016,9,82,premium,USA,0
CUST_256,2024-05-13,2024-12-13,2863.7407603438737,5,62,basic,Canada,0
CUST_257,2024-10-18,2024-12-17,1452.7092755315193,2,127,basic,Australia,0
CUST_258,2024-03-22,2024-12-05,2479.1236266709748,0,189,basic,USA,0
CUST_259,2024-11-15,2024-11-29,300.09801159253243,9,35,basic,USA,1
CUST_260,2024-06-25,2024-12-14,2135.672352149475,6,190,basic,Canada,0
CUST_261,2024-06-28,2024-11-29,3659.7403759718477,9,117,premium,Canada,0
CUST_262,2023-12-29,2024-11-29,4697.3049568161605,8,167,basic,Canada,0
CUST_263,2024-02-28,2024-11-30,330.99405328100045,8,56,basic,Canada,0
CUST_264,2024-10-07,2024-12-16,2992.8580218055627,4,16,enterprise,Canada,0
CUST_265,2024-11-12,2024-12-24,984.7113840608395,5,99,enterprise,Australia,0
CUST_266,2024-03-19,2024-12-11,2077.4683525165574,4,76,enterprise,UK,0
CUST_267,2024-09-27,2024-12-06,1154.0247296428267,1,88,basic,UK,0
CUST_268,2024-05-03,2024-12-22,1152.8349566367683,1,52,premium,Australia,0
CUST_269,2024-08-19,2024-11-29,4391.158383569532,7,164,enterprise,Canada,0
CUST_270,2024-06-25,2024-12-14,736.2133580294578,5,49,enterprise,Australia,0
CUST_271,2024-02-12,2024-12-18,2530.6994309378815,1,98,basic,USA,0
CUST_272,2024-02-17,2024-12-26,3878.6878293734635,1,116,enterprise,UK,0
CUST_273,2024-10-17,2024-12-10,4567.750671069645,1,165,basic,UK,0
CUST_274,2024-01-25,2024-12-09,4442.2753323441,3,61,enterprise,Australia,0
CUST_275,2024-06-13,2024-12-26,4275.614125084651,6,4,basic,Australia,0
CUST_276,2024-09-24,2024-12-18,2447.9345043434787,2,149,enterprise,Canada,0
CUST_277,2024-09-08,2024-12-16,4690.225554763153,1,152,basic,Canada,0
CUST_278,2024-10-18,2024-12-06,2742.489488226336,5,171,premium,Canada,0
CUST_279,2024-07-26,2024-12-16,4262.460010846045,7,175,premium,USA,0
CUST_280,2024-10-13,2024-11-28,868.3671363269701,7,94,enterprise,USA,0
CUST_281,2024-02-07,2024-12-11,2610.1658177885743,8,143,premium,USA,0
CUST_282,2024-05-19,2024-12-03,1042.5672880255877,5,139,premium,Australia,0
CUST_283,2024-08-12,2024-12-24,3355.265141941496,5,149,enterprise,Canada,0
CUST_284,2024-11-12,2024-12-03,2849.7803651680238,1,160,premium,UK,0
CUST_285,2024-09-17,2024-12-11,534.9392561926743,3,164,premium,Australia,0
CUST_286,2024-07-16,2024-12-18,2111.6894343252325,0,148,premium,Australia,0
CUST_287,2024-06-02,2024-12-04,3201.6467878317394,6,134,premium,USA,0
CUST_288,2024-05-17,2024-12-25,3747.9455545562587,5,26,enterprise,Australia,0
CUST_289,2024-11-16,2024-12-25,1800.4044070913117,4,99,premium,Canada,0
CUST_290,2024-01-06,2024-12-17,4961.111295717782,3,188,premium,Australia,0
CUST_291,2024-08-30,2024-12-19,4060.4858637567827,5,97,enterprise,Canada,0
CUST_292,2024-03-27,2024-12-03,2202.6351991257297,7,168,premium,Australia,0
CUST_293,2024-06-17,2024-12-23,4273.481499132039,2,150,basic,Australia,0
CUST_294,2024-11-05,2024-12-16,3466.2779727762227,7,42,enterprise,Australia,0
CUST_295,2024-03-21,2024-12-24,4692.7754762044015,3,39,premium,Canada,0
CUST_296,2024-08-17,2024-12-16,508.48330604145366,3,195,basic,USA,0
CUST_297,2024-10-02,2024-12-21,4915.941097162559,3,11,enterprise,USA,0
CUST_298,2024-10-30,2024-12-12,1551.723328935189,3,78,basic,UK,0
CUST_299,2024-10-18,2024-12-26,222.36265722865627,2,117,premium,Canada,0
CUST_300,2024-08-28,2024-12-27,3584.534940077122,9,159,premium,USA,0
CUST_301,2024-04-23,2024-11-30,2738.4442919270373,1,3,basic,USA,0
CUST_302,2024-08-10,2024-12-21,3692.610857197821,0,88,premium,Canada,0
CUST_303,2024-04-19,2024-12-03,255.3138750187076,9,108,enterprise,USA,0
CUST_304,2024-03-01,2024-12-10,1272.3925266157867,3,60,basic,Canada,0
CUST_305,2024-10-08,2024-12-01,3730.411668583905,7,121,enterprise,Canada,0
CUST_306,2024-07-05,2024-12-27,669.4773739878162,4,143,premium,Australia,0
CUST_307,2024-05-05,2024-12-04,1130.9692152874059,4,13,enterprise,USA,0
CUST_308,2023-12-29,2024-12-10,1911.9529472843371,1,112,enterprise,USA,0
CUST_309,2024-09-27,2024-11-29,4037.3552165748756,6,63,basic,Australia,0
CUST_310,2024-04-14,2024-12-07,2627.154364796265,4,16,basic,UK,0
CUST_311,2024-10-05,2024-12-09,4684.752798599304,8,53,enterprise,Canada,0
CUST_312,2024-07-21,2024-12-25,4683.844814599752,2,171,enterprise,Canada,0
CUST_313,2024-11-15,2024-12-08,2328.173329744876,1,78,enterprise,Canada,0
CUST_314,2024-05-10,2024-12-09,375.44386617458633,4,164,premium,Canada,0
CUST_315,2024-07-28,2024-12-03,2507.997486106221,6,101,premium,UK,0
CUST_316,2024-02-14,2024-12-09,4021.4777403948237,2,112,premium,Canada,0
CUST_317,2024-04-19,2024-12-15,4042.094415209593,4,41,basic,USA,0
CUST_318,2024-06-13,2024-12-22,3645.4183945055306,3,146,premium,Canada,0
CUST_319,2024-11-21,2024-12-21,548.8416694879795,1,117,premium,Canada,0
CUST_320,2024-08-10,2024-12-15,4577.931400381292,8,29,enterprise,UK,0
CUST_321,2024-08-28,2024-12-06,316.66328341537576,6,34,enterprise,Australia,1
CUST_322,2024-05-01,2024-12-19,3184.263035709277,2,70,premium,Canada,0
CUST_323,2024-08-20,2024-12-23,1196.1346012739534,9,191,basic,Australia,0
CUST_324,2024-02-20,2024-11-28,196.87839976416603,1,145,enterprise,Australia,0
CUST_325,2024-04-21,2024-12-27,2411.2283313773496,5,182,premium,USA,0
CUST_326,2024-07-10,2024-12-25,1531.1052176434134,1,125,basic,USA,0
CUST_327,2024-02-25,2024-12-24,4070.3154530288502,9,73,premium,USA,0
CUST_328,2024-02-23,2024-12-08,2087.5532439069543,1,166,enterprise,UK,0
CUST_329,2024-10-19,2024-12-07,385.12836869095446,3,83,enterprise,Canada,0
CUST_330,2024-09-29,2024-12-17,1518.1801701318566,4,12,enterprise,UK,0
CUST_331,2024-03-25,2024-12-10,3814.583461592789,8,157,premium,Australia,0
CUST_332,2024-10-06,2024-12-13,1195.8189967680298,4,187,premium,Canada,0
CUST_333,2024-07-24,2024-12-07,1843.863911218235,3,194,enterprise,Canada,0
CUST_334,2024-09-19,2024-12-17,465.82892099932417,9,89,basic,Australia,0
CUST_335,2024-05-09,2024-12-08,4031.027715270708,1,184,enterprise,Australia,0
CUST_336,2024-10-13,2024-11-29,2790.1786045936706,4,1,enterprise,UK,0
CUST_337,2024-04-02,2024-12-24,1006.6571350545931,4,143,enterprise,Canada,0
CUST_338,2024-11-14,2024-12-05,947.8080269156563,2,14,basic,Australia,0
CUST_339,2024-01-25,2024-12-18,1747.4452599982187,5,117,enterprise,Canada,0
CUST_340,2024-07-17,2024-11-29,2950.7269419804657,2,155,premium,Australia,0
CUST_341,2024-07-10,2024-12-08,2446.1650631351645,7,66,premium,Australia,0
CUST_342,2024-09-29,2024-12-23,3410.5270560464937,1,138,basic,Australia,0
CUST_343,2023-12-30,2024-12-17,2797.7440491741927,9,78,premium,UK,0
CUST_344,2024-07-11,2024-12-16,2711.483978874995,2,10,premium,Australia,0
CUST_345,2024-01-20,2024-12-10,1301.5610909820718,9,52,enterprise,USA,0
CUST_346,2024-09-20,2024-12-24,2144.385408613171,3,8,enterprise,Canada,0
CUST_347,2024-04-02,2024-12-06,953.55657128718,3,114,enterprise,Australia,0
CUST_348,2024-04-17,2024-12-05,1543.219654581097,0,185,enterprise,USA,0
CUST_349,2024-09-11,2024-12-12,4733.65027365432,7,102,enterprise,Australia,0
CUST_350,2024-10-30,2024-12-12,2078.663313423587,0,109,enterprise,Australia,0
CUST_351,2024-03-17,2024-12-13,1790.5950782637183,0,190,basic,USA,0
CUST_352,2024-02-01,2024-11-29,1655.4998755983945,1,182,enterprise,USA,0
CUST_353,2024-11-23,2024-12-06,2546.6434920462625,7,73,basic,Canada,0
CUST_354,2024-02-22,2024-12-07,315.6814394465112,0,46,basic,UK,0
CUST_355,2024-08-13,2024-12-24,3663.0490639108943,5,120,basic,Canada,0
CUST_356,2024-05-21,2024-12-04,4382.098880534201,1,189,premium,USA,0
CUST_357,2024-01-29,2024-12-02,271.9855334390761,0,64,basic,Canada,0
CUST_358,2024-03-19,2024-12-10,3549.0313045989874,8,75,enterprise,UK,0
CUST_359,2024-04-13,2024-12-23,975.8649863374235,1,37,enterprise,UK,0
CUST_360,2024-05-30,2024-11-30,3266.746323984229,1,173,enterprise,USA,0
CUST_361,2024-08-23,2024-12-14,4380.902166690556,5,101,enterprise,UK,0
CUST_362,2024-04-23,2024-12-25,3258.6659031602608,6,159,enterprise,UK,0
CUST_363,2024-06-12,2024-12-06,707.4062390946383,6,178,basic,Australia,0
CUST_364,2024-07-03,2024-12-25,1749.0848540838467,4,42,premium,Australia,0
CUST_365,2024-09-12,2024-12-05,4787.371934636494,0,85,enterprise,UK,0
CUST_366,2024-07-22,2024-12-04,1757.5588788979987,0,16,enterprise,Australia,0
CUST_367,2024-07-11,2024-12-21,1307.0149627381732,2,133,basic,Australia,0
CUST_368,2024-07-06,2024-11-29,4250.420118302811,7,85,enterprise,Canada,0
CUST_369,2024-09-02,2024-12-27,1270.6001233581937,3,91,basic,Canada,0
CUST_370,2024-01-28,2024-12-03,4278.605243228093,8,196,basic,Canada,0
CUST_371,2024-09-10,2024-12-06,2610.3825656495032,7,110,enterprise,Australia,0
CUST_372,2024-03-10,2024-12-02,573.7826644270581,4,121,premium,Australia,0
CUST_373,2024-01-27,2024-12-23,429.3200779739089,2,82,premium,Canada,0
CUST_374,2024-10-16,2024-12-24,663.8807952156187,5,12,basic,Australia,0
CUST_375,2024-10-02,2024-12-08,2467.8466797382102,3,156,basic,Australia,0
CUST_376,2024-08-25,2024-12-19,451.82896844429166,5,143,enterprise,USA,0
CUST_377,2024-05-02,2024-12-14,748.5527385507968,0,43,basic,UK,0
CUST_378,2024-06-30,2024-12-19,3163.1270784261246,9,126,premium,Australia,0
CUST_379,2024-05-01,2024-12-09,4699.618740662299,6,120,basic,Australia,0
CUST_380,2024-01-30,2024-12-02,3772.6258763394308,6,71,basic,USA,0
CUST_381,2024-02-10,2024-12-04,3356.988177961381,6,4,basic,UK,0
CUST_382,2024-04-10,2024-12-23,4764.167352354858,0,82,basic,Canada,0
CUST_383,2024-11-22,2024-11-30,4074.785986597225,7,29,basic,USA,0
CUST_384,2024-04-15,2024-12-11,4077.67617526118,2,51,enterprise,Canada,0
CUST_385,2024-08-01,2024-11-28,3988.588778715432,9,187,basic,UK,0
CUST_386,2024-07-22,2024-12-20,2618.50788701714,8,48,basic,Australia,0
CUST_387,2024-03-15,2024-12-15,4185.59067421058,4,174,premium,Australia,0
CUST_388,2024-04-04,2024-12-20,3923.7038169186276,5,86,premium,UK,0
CUST_389,2024-11-15,2024-12-10,552.4974916005747,4,73,premium,USA,0
CUST_390,2024-02-16,2024-12-02,2975.0144276626775,1,162,basic,USA,0
CUST_391,2024-10-11,2024-12-15,3066.23341222694,6,176,enterprise,USA,0
CUST_392,2024-09-24,2024-12-21,2674.2229865486206,4,189,premium,Canada,0
CUST_393,2024-09-10,2024-12-17,2030.825089347467,8,41,basic,UK,0
CUST_394,2024-05-01,2024-12-15,593.8873589765576,3,120,enterprise,Australia,0
CUST_395,2024-05-12,2024-11-28,1190.7377188595533,8,189,premium,USA,0
CUST_396,2024-07-27,2024-12-04,2918.849042533684,8,151,enterprise,Canada,0
CUST_397,2024-06-12,2024-12-13,1561.8699741593048,3,20,enterprise,Australia,0
CUST_398,2024-03-09,2024-12-23,3726.4740559689335,1,65,basic,Canada,0
CUST_399,2024-05-20,2024-12-18,321.7324234027911,7,157,basic,USA,0
CUST_400,2024-10-13,2024-12-10,2792.534494648967,5,94,basic,Canada,0
CUST_401,2024-05-29,2024-12-26,2649.659323955016,5,140,basic,UK,0
CUST_402,2024-05-26,2024-12-20,1219.4925270939584,3,176,basic,UK,0
CUST_403,2024-02-23,2024-12-05,1517.880834078484,2,120,premium,UK,0
CUST_404,2024-08-05,2024-12-19,2241.306922035616,2,165,basic,USA,0
CUST_405,2024-02-07,2024-12-13,4464.429602413016,4,91,basic,Australia,0
CUST_406,2024-04-02,2024-12-20,612.2780785964321,8,104,basic,UK,0
CUST_407,2024-01-26,2024-11-29,414.7260578755849,0,36,basic,UK,0
CUST_408,2024-06-18,2024-12-14,3693.4827464967307,9,114,enterprise,UK,0
CUST_409,2024-08-05,2024-12-12,486.9590006359456,8,39,basic,UK,1
CUST_410,2024-02-17,2024-12-25,294.36582082554787,5,119,premium,Canada,0
CUST_411,2024-07-15,2024-12-26,4333.219854091472,0,196,premium,USA,0
CUST_412,2024-01-16,2024-11-29,279.6410871802143,1,70,enterprise,UK,0
CUST_413,2024-09-07,2024-12-14,1257.7164091636203,0,6,basic,Canada,0
CUST_414,2024-05-21,2024-12-07,3070.8927095321337,2,56,premium,Canada,0
CUST_415,2024-08-11,2024-12-22,1860.4472889973133,6,23,enterprise,Australia,0
CUST_416,2024-02-11,2024-12-10,3821.38383150126,0,121,enterprise,UK,0
CUST_417,2024-03-18,2024-12-11,3206.9814021217826,1,54,basic,Canada,0
CUST_418,2024-06-15,2024-12-07,390.10564180970283,1,171,basic,Australia,0
CUST_419,2024-11-16,2024-11-28,2149.428669071379,1,18,enterprise,Canada,0
CUST_420,2024-02-01,2024-12-15,918.6060428746562,0,73,basic,UK,0
CUST_421,2024-02-25,2024-12-20,742.3259408659638,0,28,premium,USA,0
CUST_422,2024-06-28,2024-12-25,3754.4997210818156,4,183,enterprise,Australia,0
CUST_423,2024-08-08,2024-12-06,1171.267134367561,0,36,enterprise,USA,0
CUST_424,2024-08-03,2024-12-19,3314.48358265591,4,129,enterprise,USA,0
CUST_425,2024-03-05,2024-12-09,4110.095340944454,3,111,premium,Australia,0
CUST_426,2024-11-11,2024-12-02,4134.746264480472,8,135,enterprise,Australia,0
CUST_427,2024-08-10,2024-12-06,4236.80552737029,7,156,premium,Australia,0
CUST_428,2024-06-11,2024-12-11,2046.2600503720812,0,65,enterprise,Canada,0
CUST_429,2024-07-03,2024-11-28,2686.207599178505,4,141,premium,Australia,0
CUST_430,2024-05-30,2024-12-19,1501.423484083333,0,78,premium,Canada,0
CUST_431,2024-07-27,2024-12-24,4557.817754936176,8,77,basic,USA,0
CUST_432,2024-11-13,2024-12-24,3554.3123595813963,7,46,premium,USA,0
CUST_433,2024-03-09,2024-11-30,3980.24682224567,4,5,basic,USA,0
CUST_434,2024-11-17,2024-12-03,1588.6943687788635,1,152,basic,USA,0
CUST_435,2024-02-25,2024-12-20,1775.5632357727875,9,135,premium,Canada,0
CUST_436,2024-07-28,2024-12-19,4817.638747707284,1,141,premium,Australia,0
CUST_437,2024-11-10,2024-12-02,4407.593614653331,2,123,basic,USA,0
CUST_438,2024-03-20,2024-12-05,3475.8070762976813,4,66,premium,UK,0
CUST_439,2024-02-22,2024-12-25,2995.563416866436,3,9,enterprise,USA,0
CUST_440,2024-08-27,2024-11-30,4752.42615852281,9,136,enterprise,USA,0
CUST_441,2024-09-03,2024-12-17,3445.1316305686155,5,137,basic,Australia,0
CUST_442,2024-02-15,2024-12-12,2768.3954890118043,9,111,premium,Australia,0
CUST_443,2024-04-10,2024-11-30,1426.5838938920795,0,102,enterprise,Canada,0
CUST_444,2024-09-26,2024-12-18,1107.5503240528476,2,149,premium,UK,0
CUST_445,2024-03-09,2024-12-22,4657.701849722661,5,40,enterprise,Australia,0
CUST_446,2024-06-11,2024-12-10,3332.654220374685,7,82,basic,Canada,0
CUST_447,2024-08-07,2024-12-23,1065.0141447666776,0,33,enterprise,UK,0
CUST_448,2024-05-19,2024-12-05,4963.652325528167,3,65,basic,Canada,0
CUST_449,2024-05-12,2024-12-22,2972.1445935444904,3,55,enterprise,Canada,0
CUST_450,2024-11-15,2024-11-28,914.750063901468,1,189,premium,Australia,0
CUST_451,2024-01-06,2024-12-27,4281.80995248595,0,74,premium,Canada,0
CUST_452,2024-07-19,2024-11-29,1469.8255773935512,7,54,basic,Australia,0
CUST_453,2024-02-26,2024-12-01,3040.978111666885,6,163,enterprise,UK,0
CUST_454,2024-01-13,2024-11-29,3726.441577392872,0,11,premium,Canada,0
CUST_455,2024-02-25,2024-12-15,1230.9377191847686,0,172,premium,USA,0
CUST_456,2024-02-12,2024-12-07,2855.725783657362,4,147,basic,Canada,0
CUST_457,2024-06-11,2024-12-24,3470.413417736884,0,11,basic,Australia,0
CUST_458,2024-04-24,2024-12-05,1986.2468444507826,3,17,basic,Australia,0
CUST_459,2024-09-19,2024-11-29,4299.336939988635,9,59,premium,USA,0
CUST_460,2024-03-16,2024-12-21,4935.05234081511,9,198,premium,Australia,0
CUST_461,2024-08-30,2024-11-29,1769.6778404289803,9,28,premium,Australia,0
CUST_462,2024-11-16,2024-12-19,3391.957437548156,9,167,premium,Australia,0
CUST_463,2024-06-13,2024-12-21,3596.7767352800934,3,99,basic,Australia,0
CUST_464,2024-05-26,2024-12-04,1702.8133708624425,3,45,enterprise,USA,0
CUST_465,2024-11-09,2024-12-07,1403.3856226870082,8,194,basic,Australia,0
CUST_466,2024-04-10,2024-12-09,343.4305297907338,3,159,enterprise,USA,0
CUST_467,2024-03-05,2024-12-08,2579.422065916872,3,68,premium,Canada,0
CUST_468,2024-07-18,2024-12-10,3038.5220584086546,7,176,basic,Canada,0
CUST_469,2024-07-16,2024-12-15,3366.906433478341,1,145,premium,UK,0
CUST_470,2023-12-31,2024-12-14,427.05574495433046,0,81,enterprise,UK,0
CUST_471,2024-03-20,2024-12-24,2278.270829278197,0,192,premium,USA,0
CUST_472,2024-06-23,2024-12-27,4486.911254865066,3,81,premium,Canada,0
CUST_473,2024-02-29,2024-12-16,1966.8566594775184,9,30,basic,USA,0
CUST_474,2024-07-26,2024-11-29,3600.5743147701555,9,143,premium,Australia,0
CUST_475,2024-10-28,2024-12-15,228.85351423621606,1,138,enterprise,USA,0
CUST_476,2024-04-04,2024-12-12,2504.013595981718,3,114,basic,USA,0
CUST_477,2024-11-09,2024-12-03,1467.6331414747863,9,1,enterprise,Australia,0
CUST_478,2024-09-08,2024-12-24,2226.783409572459,5,60,basic,Australia,0
CUST_479,2023-12-30,2024-12-24,4677.625951921718,8,169,premium,Canada,0
CUST_480,2024-01-26,2024-12-03,982.2108117157613,9,85,premium,UK,0
CUST_481,2024-02-19,2024-12-11,3793.7616485892604,2,116,premium,Canada,0
CUST_482,2024-09-01,2024-12-24,1866.2111502014122,5,185,enterprise,Canada,0
CUST_483,2024-04-02,2024-12-09,4663.495331914149,8,18,basic,Canada,0
CUST_484,2024-06-11,2024-12-10,3274.4286125820145,6,129,basic,Australia,0
CUST_485,2024-03-28,2024-12-07,1288.3109325594226,9,182,premium,Canada,0
CUST_486,2024-07-31,2024-12-09,1008.5378897883251,0,9,premium,Canada,0
CUST_487,2024-05-23,2024-12-14,2796.6369546303517,4,36,basic,UK,0
CUST_488,2024-04-06,2024-12-23,1985.9966493718127,3,129,premium,Canada,0
CUST_489,2024-07-28,2024-12-06,3850.611760317819,6,144,premium,USA,0
CUST_490,2024-11-12,2024-12-24,718.4867895064032,6,23,premium,Australia,1
CUST_491,2024-11-14,2024-12-15,1243.4580756065773,4,40,enterprise,Australia,0
CUST_492,2024-11-12,2024-12-03,3214.3832922207375,0,140,basic,USA,0
CUST_493,2024-02-04,2024-12-01,928.8672039641641,7,111,basic,USA,0
CUST_494,2024-07-04,2024-12-07,2992.791411620031,4,74,basic,Australia,0
CUST_495,2024-02-14,2024-11-29,4911.8956713890875,2,189,premium,UK,0
CUST_496,2024-01-30,2024-11-29,4127.505925885924,1,131,enterprise,UK,0
CUST_497,2024-04-13,2024-12-27,1169.0258472250403,6,108,enterprise,USA,0
CUST_498,2024-05-20,2024-11-30,2496.034925487413,7,32,enterprise,Australia,0
CUST_499,2024-11-03,2024-12-14,1910.1060423517508,5,83,enterprise,Canada,0
CUST_500,2024-04-01,2024-12-08,3528.2020539414516,1,191,premium,Canada,0
CUST_501,2024-01-02,2024-12-03,3535.5202690691062,5,180,premium,Canada,0
CUST_502,2024-06-30,2024-12-07,153.87058041165298,5,176,basic,Australia,0
CUST_503,2024-06-05,2024-12-22,3842.9755812441704,9,196,premium,Canada,0
CUST_504,2024-09-03,2024-12-06,2251.128551918297,7,129,enterprise,Canada,0
CUST_505,2024-06-19,2024-12-22,3441.322169551534,6,58,enterprise,USA,0
CUST_506,2024-03-22,2024-12-11,2152.193014370324,2,42,basic,Canada,0
CUST_507,2024-01-19,2024-12-23,1905.0431336901731,9,1,premium,Canada,0
CUST_508,2024-11-10,2024-12-20,3488.1567231846257,1,90,basic,USA,0
CUST_509,2024-07-04,2024-12-06,1603.9102282859355,1,3,enterprise,Australia,0
CUST_510,2024-04-29,2024-12-19,2390.248998667659,2,11,premium,Australia,0
CUST_511,2024-07-19,2024-12-10,2407.564303479315,1,168,enterprise,Canada,0
CUST_512,2024-05-06,2024-12-22,3189.28569599165,2,37,enterprise,Canada,0
CUST_513,2024-07-12,2024-12-25,3451.1163871383696,2,183,premium,UK,0
CUST_514,2024-01-16,2024-12-12,3021.5007788852745,6,105,enterprise,USA,0
CUST_515,2024-07-26,2024-12-16,3281.8445262244936,4,127,basic,Canada,0
CUST_516,2024-08-10,2024-12-06,2541.672055043447,3,26,premium,UK,0
CUST_517,2024-01-30,2024-12-04,1757.6752604343533,0,160,premium,UK,0
CUST_518,2024-03-13,2024-12-17,3097.3157148894206,1,143,basic,Australia,0
CUST_519,2024-05-02,2024-12-11,4583.196352093661,0,153,enterprise,Canada,0
CUST_520,2024-09-26,2024-11-29,4400.108883062537,2,153,enterprise,Canada,0
CUST_521,2024-04-19,2024-12-16,3287.330729355159,0,84,premium,UK,0
CUST_522,2024-05-10,2024-12-14,1252.216339241768,0,126,premium,Canada,0
CUST_523,2024-11-27,2024-12-22,4658.341895379674,0,61,basic,UK,0
CUST_524,2024-02-17,2024-12-27,4339.2308790111165,6,55,enterprise,Canada,0
CUST_525,2024-07-03,2024-12-01,1466.820288561544,9,120,premium,USA,0
CUST_526,2024-06-18,2024-12-27,1258.8326721663402,2,173,enterprise,Australia,0
CUST_527,2024-07-28,2024-12-16,2159.206079686563,1,126,enterprise,UK,0
CUST_528,2024-04-17,2024-12-06,4649.0726542488965,8,100,enterprise,UK,0
CUST_529,2024-01-17,2024-12-18,4334.123496060173,4,153,premium,Canada,0
CUST_530,2024-09-27,2024-11-29,559.6579318624242,9,145,enterprise,USA,0
CUST_531,2024-07-09,2024-12-12,1890.5187138994147,8,26,enterprise,Canada,0
CUST_532,2023-12-31,2024-12-16,3871.334720242727,7,21,basic,USA,0
CUST_533,2024-10-11,2024-11-29,3836.545417064136,3,52,basic,UK,0
CUST_534,2024-10-25,2024-12-01,241.3258307564756,4,56,basic,USA,0
CUST_535,2024-05-05,2024-12-07,3381.183224498244,4,83,basic,Australia,0
CUST_536,2024-01-08,2024-11-29,1286.1590309002306,5,51,premium,Canada,0
CUST_537,2024-08-30,2024-12-27,1566.8855433066876,1,170,basic,Australia,0
CUST_538,2024-07-01,2024-11-28,4465.114184744561,2,35,basic,USA,0
CUST_539,2024-08-11,2024-12-26,693.6704091844924,9,170,basic,Australia,0
CUST_540,2024-08-19,2024-12-10,956.8372864854488,6,34,premium,Australia,1
CUST_541,2024-06-14,2024-12-09,570.7516484898022,5,191,premium,Australia,0
CUST_542,2024-02-10,2024-12-04,3312.8521281952503,1,76,premium,UK,0
CUST_543,2024-01-29,2024-12-17,1278.7211260041188,1,94,enterprise,UK,0
CUST_544,2024-01-09,2024-12-23,305.19388037270375,8,75,basic,Canada,0
CUST_545,2024-02-28,2024-12-22,4149.973656986258,1,86,basic,Canada,0
CUST_546,2024-04-03,2024-12-21,3583.7586209664623,4,31,basic,UK,0
CUST_547,2024-03-28,2024-12-18,196.60112572456052,3,170,basic,Australia,0
CUST_548,2024-08-29,2024-12-01,755.6707517664412,9,110,basic,UK,0
CUST_549,2024-09-10,2024-12-23,2463.029683435897,6,181,premium,Australia,0
CUST_550,2024-07-12,2024-12-20,3993.2542493538213,9,17,basic,USA,0
CUST_551,2024-05-16,2024-12-21,4117.902641679264,3,33,premium,Australia,0
CUST_552,2024-04-30,2024-12-20,1020.5709970578441,6,173,enterprise,Canada,0
CUST_553,2024-06-19,2024-11-28,1968.2778860708981,6,26,premium,UK,0
CUST_554,2024-09-08,2024-12-15,4397.184437204986,5,68,enterprise,Canada,0
CUST_555,2024-07-05,2024-12-16,452.8762789071731,3,130,premium,Australia,0
CUST_556,2024-06-02,2024-12-20,2139.055753097108,2,107,enterprise,Australia,0
CUST_557,2024-03-31,2024-12-11,4409.912675966998,5,140,enterprise,USA,0
CUST_558,2024-09-19,2024-11-30,3800.5198619982166,6,94,enterprise,UK,0
CUST_559,2024-03-12,2024-12-09,3771.843670861142,1,199,basic,USA,0
CUST_560,2024-08-08,2024-12-23,3319.360633941968,5,193,enterprise,UK,0
CUST_561,2024-10-19,2024-12-04,4728.205914559199,6,36,basic,Australia,0
CUST_562,2024-04-11,2024-12-15,1398.8749196441065,9,41,premium,USA,0
CUST_563,2024-09-05,2024-12-12,3092.225446226735,6,68,premium,Australia,0
CUST_564,2024-07-05,2024-12-05,2811.7567210835764,5,163,premium,USA,0
CUST_565,2024-09-20,2024-12-13,1113.7657975572413,7,160,premium,UK,0
CUST_566,2024-10-21,2024-12-14,4481.03797601394,9,55,premium,USA,0
CUST_567,2024-04-18,2024-12-22,1695.7369134256785,2,80,premium,Australia,0
CUST_568,2024-04-22,2024-12-06,2832.764868545349,1,3,enterprise,Australia,0
CUST_569,2024-05-30,2024-12-24,790.8373512563969,4,13,premium,UK,0
CUST_570,2024-04-13,2024-12-05,3853.2325607979064,5,18,basic,UK,0
CUST_571,2024-04-03,2024-12-21,1547.7514608477006,4,53,enterprise,USA,0
CUST_572,2024-06-05,2024-12-13,1351.2316641187795,1,124,premium,Canada,0
CUST_573,2024-08-15,2024-12-25,2015.8316589350652,1,110,premium,USA,0
CUST_574,2024-08-12,2024-12-23,4942.1096983829675,0,69,enterprise,Australia,0
CUST_575,2024-10-28,2024-11-28,1334.05994962256,8,71,premium,Australia,0
CUST_576,2024-11-10,2024-11-29,4125.477598921505,4,69,premium,Australia,0
CUST_577,2024-10-04,2024-12-15,1089.0655296795262,5,160,enterprise,UK,0
CUST_578,2024-07-24,2024-12-22,4505.84300100815,7,182,basic,Canada,0
CUST_579,2024-11-24,2024-12-17,3957.4495325946123,4,34,basic,Australia,0
CUST_580,2024-02-07,2024-12-02,4746.078787653907,9,176,enterprise,UK,0
CUST_581,2024-07-31,2024-12-25,737.7442935076225,5,188,premium,Canada,0
CUST_582,2024-01-05,2024-12-06,423.24923316009557,0,189,enterprise,UK,0
CUST_583,2024-02-06,2024-12-06,3268.034598630354,1,179,basic,UK,0
CUST_584,2024-09-27,2024-12-16,3302.4998446787013,7,184,enterprise,Canada,0
CUST_585,2024-03-19,2024-12-03,262.35461869303754,7,155,premium,UK,0
CUST_586,2024-01-19,2024-12-03,4374.469205764499,8,39,enterprise,USA,0
CUST_587,2024-10-20,2024-12-27,673.8677012008176,4,196,premium,Canada,0
CUST_588,2024-10-08,2024-12-06,2719.0872543690975,1,197,basic,UK,0
CUST_589,2024-11-09,2024-12-11,3980.288463290097,5,39,enterprise,USA,0
CUST_590,2024-06-23,2024-12-18,750.6675895772713,2,184,basic,Australia,0
CUST_591,2024-02-29,2024-12-23,3765.871142861347,5,124,enterprise,Australia,0
CUST_592,2024-07-11,2024-12-09,2152.7727996532726,1,181,premium,Australia,0
CUST_593,2024-05-03,2024-12-04,2991.704652016149,8,37,premium,USA,0
CUST_594,2024-09-08,2024-12-24,4601.848881787485,0,140,premium,UK,0
CUST_595,2024-04-21,2024-12-07,3713.7486246175636,0,107,basic,UK,0
CUST_596,2024-07-15,2024-12-24,2239.3394100169226,1,198,basic,USA,0
CUST_597,2024-01-04,2024-12-15,4771.943431618229,8,181,basic,USA,0
CUST_598,2024-07-11,2024-12-19,4476.497290904394,0,7,premium,UK,0
CUST_599,2024-06-17,2024-12-10,328.1736396610098,5,37,basic,USA,0
CUST_600,2024-09-23,2024-12-03,4489.827893915726,0,149,basic,Canada,0
CUST_601,2024-09-06,2024-12-15,562.9647055556065,2,162,enterprise,USA,0
CUST_602,2024-06-17,2024-12-09,2076.9110289889186,5,62,premium,USA,0
CUST_603,2024-09-04,2024-12-18,3322.7807318287137,8,95,premium,UK,0
CUST_604,2024-10-03,2024-12-21,998.138191977886,1,124,basic,Canada,0
CUST_605,2024-07-04,2024-12-23,1525.2887379057183,8,10,enterprise,UK,0
CUST_606,2024-03-21,2024-12-15,2815.161879264524,0,71,basic,Canada,0
CUST_607,2024-06-08,2024-12-14,3343.6632472133515,7,194,basic,UK,0
CUST_608,2024-05-22,2024-12-09,3123.9032678884023,3,49,basic,Australia,0
CUST_609,2024-06-27,2024-12-18,688.0569040593506,7,27,premium,Australia,1
CUST_610,2024-07-12,2024-12-06,726.0602947615168,0,19,premium,Canada,0
CUST_611,2024-08-21,2024-12-15,4535.610092621196,5,85,enterprise,Australia,0
CUST_612,2024-07-02,2024-12-02,1267.0976865690684,9,148,enterprise,Australia,0
CUST_613,2024-10-12,2024-12-23,2662.037647760003,3,57,premium,UK,0
CUST_614,2024-07-21,2024-12-11,2315.0116261605626,9,58,premium,USA,0
CUST_615,2024-11-26,2024-12-06,465.20730406296684,2,37,enterprise,UK,0
CUST_616,2024-06-14,2024-12-01,1196.4388687365854,1,172,basic,Canada,0
CUST_617,2024-04-09,2024-11-30,2881.995377286943,9,20,premium,USA,0
CUST_618,2024-02-12,2024-12-22,1683.1365889771098,2,59,premium,Australia,0
CUST_619,2024-08-18,2024-12-27,2728.9038564932703,7,32,basic,UK,0
CUST_620,2024-07-18,2024-12-02,1092.9082471889587,6,66,basic,Australia,0
CUST_621,2024-04-12,2024-12-07,2473.135851703503,4,53,premium,USA,0
CUST_622,2024-08-17,2024-12-24,779.9205535244718,3,125,basic,Australia,0
CUST_623,2024-07-27,2024-12-27,2658.23352812374,3,95,basic,USA,0
CUST_624,2024-10-24,2024-12-21,3492.996717844303,6,170,basic,UK,0
CUST_625,2024-11-09,2024-11-28,1503.4969245182601,3,183,premium,UK,0
CUST_626,2024-05-23,2024-12-21,1393.6602787846243,1,132,basic,Canada,0
CUST_627,2024-05-21,2024-12-11,1070.0736662157676,3,171,enterprise,Australia,0
CUST_628,2024-09-24,2024-12-26,502.19573468615266,3,124,basic,Canada,0
CUST_629,2024-08-19,2024-12-24,3684.04595915447,1,95,basic,UK,0
CUST_630,2024-02-06,2024-12-25,1969.8114828662026,1,43,basic,UK,0
CUST_631,2024-11-21,2024-12-09,2245.3035224699574,4,128,enterprise,USA,0
CUST_632,2024-11-19,2024-12-25,463.60833427548295,8,145,basic,Canada,0
CUST_633,2024-03-26,2024-12-22,151.6193577805971,3,132,premium,Canada,0
CUST_634,2024-07-21,2024-12-07,3021.477611760814,2,127,premium,Canada,0
CUST_635,2024-05-20,2024-12-14,4175.882545715893,5,45,basic,Australia,0
CUST_636,2024-10-24,2024-12-11,2094.4727864068127,1,26,premium,USA,0
CUST_637,2024-09-27,2024-12-13,2992.537044083325,9,171,basic,UK,0
CUST_638,2024-06-26,2024-12-22,2833.1869432594863,3,48,basic,UK,0
CUST_639,2024-04-25,2024-12-12,433.49659568777514,2,174,enterprise,Canada,0
CUST_640,2024-05-06,2024-12-10,4442.028092109899,7,4,premium,Canada,0
CUST_641,2024-11-26,2024-12-27,287.4118935815326,6,41,premium,UK,1
CUST_642,2024-01-12,2024-12-27,3726.26060602819,9,102,premium,UK,0
CUST_643,2024-05-22,2024-12-06,3398.725584374744,7,85,basic,UK,0
CUST_644,2024-01-09,2024-12-24,2374.157410908654,8,171,enterprise,Canada,0
CUST_645,2024-03-01,2024-11-30,2324.7856308194564,4,85,premium,Canada,0
CUST_646,2024-11-01,2024-12-04,3627.6997860497204,6,42,basic,USA,0
CUST_647,2024-10-19,2024-12-01,1410.1686710987124,4,160,enterprise,UK,0
CUST_648,2024-08-02,2024-12-09,946.1088954472536,3,74,enterprise,UK,0
CUST_649,2024-03-22,2024-12-10,2853.0382162107085,7,28,basic,UK,0
CUST_650,2023-12-31,2024-12-21,4211.75509484495,9,34,basic,Australia,0
CUST_651,2024-01-24,2024-12-02,3394.8691050585603,9,149,premium,USA,0
CUST_652,2024-06-10,2024-12-19,575.9478978412702,6,167,basic,UK,0
CUST_653,2024-08-01,2024-12-26,2119.479822005781,2,25,basic,Australia,0
CUST_654,2024-03-24,2024-12-27,2443.9076045577276,7,166,enterprise,Canada,0
CUST_655,2024-04-25,2024-12-02,197.70593169718802,9,67,basic,Canada,0
CUST_656,2024-09-10,2024-12-22,485.1800281407278,3,85,enterprise,UK,0
CUST_657,2024-03-17,2024-12-16,2295.9805443332402,4,134,enterprise,USA,0
CUST_658,2024-07-02,2024-11-29,3500.9491528741714,8,151,enterprise,Australia,0
CUST_659,2024-04-29,2024-12-05,3345.7221951839606,0,91,basic,UK,0
CUST_660,2024-07-20,2024-12-22,2025.2849378872484,9,168,enterprise,USA,0
CUST_661,2024-08-31,2024-12-25,4449.409728736451,3,123,premium,Australia,0
CUST_662,2024-10-18,2024-12-24,2533.9450147419234,2,108,basic,UK,0
CUST_663,2024-01-08,2024-12-09,3966.892822873673,0,178,enterprise,UK,0
CUST_664,2024-07-12,2024-12-11,3367.203637203948,0,61,basic,Canada,0
CUST_665,2024-01-10,2024-12-03,1746.8796355155196,4,148,enterprise,UK,0
CUST_666,2024-02-19,2024-12-27,1108.4514616433212,1,38,enterprise,Canada,0
CUST_667,2024-04-21,2024-12-07,2514.376632116392,8,62,enterprise,UK,0
CUST_668,2024-08-14,2024-12-16,4570.02717867445,2,20,basic,UK,0
CUST_669,2024-04-19,2024-12-18,3048.3537250853196,9,154,enterprise,Canada,0
CUST_670,2024-11-24,2024-12-12,391.032953567756,8,189,premium,UK,0
CUST_671,2024-04-11,2024-12-17,4088.86416440381,5,6,premium,Canada,0
CUST_672,2024-04-06,2024-12-26,2653.1939787109077,8,30,premium,Australia,0
CUST_673,2024-01-03,2024-12-03,3478.597918906313,2,91,premium,Australia,0
CUST_674,2024-07-14,2024-12-13,4096.113630907381,6,28,basic,Canada,0
CUST_675,2024-10-14,2024-12-27,4750.367112419757,8,105,premium,Canada,0
CUST_676,2024-08-29,2024-12-22,1180.7269686676743,1,187,basic,Australia,0
CUST_677,2024-06-01,2024-11-28,3954.198320751271,7,143,basic,Australia,0
CUST_678,2024-03-19,2024-12-12,4157.995546511205,8,48,premium,UK,0
CUST_679,2024-07-05,2024-12-20,1987.337596703613,2,151,premium,Australia,0
CUST_680,2024-06-10,2024-12-16,2234.5887177360137,8,84,basic,Canada,0
CUST_681,2024-05-03,2024-12-13,406.7575340326353,3,69,premium,Canada,0
CUST_682,2024-11-26,2024-12-25,267.3700480439487,1,34,premium,Australia,0
CUST_683,2024-11-13,2024-12-20,1511.24705268455,6,96,enterprise,Canada,0
CUST_684,2024-10-23,2024-11-29,111.53334723956343,1,195,premium,UK,0
CUST_685,2024-06-05,2024-12-23,4604.136628738595,4,67,basic,UK,0
CUST_686,2024-04-06,2024-11-29,3391.7340688472623,7,58,basic,Australia,0
CUST_687,2024-01-01,2024-12-19,3492.940597453947,3,27,basic,UK,0
CUST_688,2024-07-13,2024-12-26,477.3144464904018,8,80,enterprise,UK,0
CUST_689,2024-11-06,2024-12-25,3254.2687277460213,8,188,enterprise,UK,0
CUST_690,2024-11-03,2024-12-01,2831.0109663671697,4,173,basic,Canada,0
CUST_691,2024-11-18,2024-12-23,2259.9818608712876,8,10,basic,Australia,0
CUST_692,2024-08-29,2024-12-18,1016.688382955732,0,56,premium,USA,0
CUST_693,2024-04-03,2024-12-03,1009.2095093749068,5,168,premium,UK,0
CUST_694,2024-03-19,2024-12-22,528.9210860700717,1,136,enterprise,Canada,0
CUST_695,2024-09-04,2024-12-20,1058.4799204441867,4,123,premium,Canada,0
CUST_696,2024-07-11,2024-12-03,4411.549067536716,2,163,basic,Australia,0
CUST_697,2023-12-30,2024-12-03,256.5442304922922,8,163,premium,Australia,0
CUST_698,2024-03-09,2024-12-13,420.8764793888865,2,173,premium,Canada,0
CUST_699,2024-02-16,2024-12-26,3525.020287822883,2,42,premium,Australia,0
CUST_700,2024-01-05,2024-12-04,4214.795854231925,1,32,premium,USA,0
CUST_701,2024-09-08,2024-12-17,855.3412746843203,3,104,enterprise,USA,0
CUST_702,2024-06-15,2024-12-09,3613.245650186101,3,167,premium,Canada,0
CUST_703,2024-08-14,2024-12-11,123.0235598483871,3,168,basic,UK,0
CUST_704,2024-05-19,2024-11-28,3045.269606057571,2,22,enterprise,Australia,0
CUST_705,2024-01-27,2024-12-24,1947.3023399270935,7,22,enterprise,Australia,0
CUST_706,2024-01-01,2024-12-08,2745.5671773140643,1,50,enterprise,UK,0
CUST_707,2024-02-29,2024-11-30,1443.6622540213398,7,153,enterprise,Canada,0
CUST_708,2024-10-09,2024-12-24,2001.1460398147033,3,140,premium,Australia,0
CUST_709,2024-06-08,2024-12-04,2544.7446048385123,6,125,enterprise,Australia,0
CUST_710,2024-07-12,2024-12-26,1602.436853373402,4,150,basic,Australia,0
CUST_711,2024-03-09,2024-12-24,824.9628721109773,4,39,premium,USA,0
CUST_712,2024-02-20,2024-12-22,4177.540554691971,3,178,premium,Canada,0
CUST_713,2024-09-29,2024-12-07,3440.163628200566,1,135,premium,Canada,0
CUST_714,2024-11-12,2024-12-09,3036.5302385492346,3,121,basic,USA,0
CUST_715,2024-02-21,2024-12-19,1625.1325616610502,0,195,enterprise,Australia,0
CUST_716,2024-02-24,2024-12-27,2718.487918703285,3,36,basic,Canada,0
CUST_717,2024-03-16,2024-12-19,2102.13324391219,6,2,enterprise,USA,0
CUST_718,2024-03-28,2024-12-18,3390.617875380287,3,131,basic,USA,0
CUST_719,2024-08-03,2024-11-28,3258.1148343077434,3,57,basic,Australia,0
CUST_720,2024-03-11,2024-12-01,672.9979927661991,2,109,premium,UK,0
CUST_721,2024-05-20,2024-12-16,1385.160807565681,2,30,basic,USA,0
CUST_722,2024-07-16,2024-12-13,3207.988836900514,7,161,enterprise,Canada,0
CUST_723,2024-09-04,2024-12-21,2950.706351893144,3,38,premium,Canada,0
CUST_724,2024-11-14,2024-12-03,3343.120709188726,5,83,basic,Canada,0
CUST_725,2024-11-07,2024-12-07,4520.419932644759,8,173,premium,Canada,0
CUST_726,2024-07-02,2024-12-16,3581.1604130647174,1,141,enterprise,UK,0
CUST_727,2024-05-31,2024-12-13,3773.0179118201054,0,158,enterprise,Australia,0
CUST_728,2024-11-23,2024-12-25,683.0162111909593,7,62,basic,Canada,0
CUST_729,2024-04-09,2024-12-02,616.3686431303513,9,45,enterprise,Canada,1
CUST_730,2024-03-10,2024-12-14,269.1289534142271,3,199,premium,Australia,0
CUST_731,2024-03-11,2024-12-21,1321.189809340031,6,135,enterprise,Canada,0
CUST_732,2024-02-14,2024-12-03,3145.3399175320333,5,118,premium,Canada,0
CUST_733,2024-05-31,2024-12-13,2155.5114506684135,2,140,enterprise,Australia,0
CUST_734,2024-05-12,2024-12-24,2576.323933693122,7,119,enterprise,Canada,0
CUST_735,2024-11-20,2024-12-06,2340.54141077395,4,138,basic,UK,0
CUST_736,2024-01-19,2024-12-04,2668.0197054439636,3,43,premium,Canada,0
CUST_737,2024-01-17,2024-12-13,2385.2365885090517,0,98,premium,Australia,0
CUST_738,2023-12-31,2024-12-02,940.7626326874838,7,46,premium,Australia,1
CUST_739,2024-08-24,2024-12-26,4692.215179804844,5,64,enterprise,Canada,0
CUST_740,2024-11-07,2024-12-26,4363.4513868179,5,158,enterprise,Australia,0
CUST_741,2024-05-02,2024-12-17,3667.607018365581,1,6,enterprise,UK,0
CUST_742,2024-10-11,2024-12-21,1287.444484618098,5,184,basic,USA,0
CUST_743,2024-11-24,2024-12-07,3462.861514196112,2,162,basic,Australia,0
CUST_744,2024-05-01,2024-12-27,4263.338593027755,4,130,premium,Canada,0
CUST_745,2024-02-15,2024-12-20,4934.546517102344,8,123,basic,Australia,0
CUST_746,2024-10-14,2024-12-06,2809.4455909989606,2,118,enterprise,USA,0
CUST_747,2024-10-25,2024-12-16,4227.24738174322,9,13,basic,USA,0
CUST_748,2024-03-20,2024-12-24,1395.7935928761074,4,161,enterprise,USA,0
CUST_749,2024-11-22,2024-12-06,2666.0145809213045,6,143,premium,Canada,0
CUST_750,2024-03-10,2024-12-14,4629.953724120744,9,159,premium,Australia,0
CUST_751,2024-10-13,2024-12-06,2926.093070803745,9,184,basic,UK,0
CUST_752,2024-07-24,2024-12-26,2346.147595672583,7,123,basic,Australia,0
CUST_753,2024-06-07,2024-12-11,3836.630596187942,2,131,enterprise,UK,0
CUST_754,2024-10-13,2024-12-01,3972.141113679457,3,197,enterprise,Australia,0
CUST_755,2024-04-12,2024-12-03,4221.1561699561635,4,136,enterprise,UK,0
CUST_756,2024-07-28,2024-12-13,2885.5561451649587,3,184,basic,UK,0
CUST_757,2024-09-26,2024-12-17,1809.9835383400366,3,92,premium,USA,0
CUST_758,2024-07-30,2024-12-22,847.1303759678337,2,161,basic,UK,0
CUST_759,2024-03-26,2024-12-23,2974.797210409783,5,38,basic,USA,0
CUST_760,2024-06-21,2024-12-19,1601.4512490856093,8,121,basic,UK,0
CUST_761,2024-03-26,2024-12-22,4232.1145942615285,4,173,premium,Australia,0
CUST_762,2024-02-17,2024-12-19,2970.2979971664004,8,180,basic,USA,0
CUST_763,2024-07-23,2024-11-30,2120.1992557791073,9,87,basic,USA,0
CUST_764,2024-04-03,2024-12-14,717.7232409967761,5,180,basic,USA,0
CUST_765,2024-05-20,2024-12-11,1502.827566574643,8,67,enterprise,Australia,0
CUST_766,2024-01-29,2024-12-01,2107.160551007837,7,97,enterprise,Australia,0
CUST_767,2024-02-11,2024-12-07,3160.3367318367514,7,142,enterprise,USA,0
CUST_768,2024-01-15,2024-12-20,1539.1193940287806,9,124,basic,USA,0
CUST_769,2024-01-29,2024-12-22,1365.5983021358547,4,58,premium,UK,0
CUST_770,2024-11-13,2024-12-09,237.3867456384958,8,166,premium,Australia,0
CUST_771,2024-03-16,2024-12-24,898.4662622243461,5,156,premium,Australia,0
CUST_772,2024-10-22,2024-11-30,3377.2232026360743,6,39,premium,Australia,0
CUST_773,2024-03-16,2024-12-15,487.99043854476207,4,32,premium,UK,0
CUST_774,2024-11-25,2024-12-01,1542.5442282343236,0,143,basic,Australia,0
CUST_775,2024-02-08,2024-11-28,4630.709336336046,3,43,premium,USA,0
CUST_776,2024-05-15,2024-12-02,3612.0526347160035,9,122,basic,Canada,0
CUST_777,2024-09-30,2024-12-04,346.5879388961493,1,198,enterprise,Australia,0
CUST_778,2024-02-23,2024-12-19,4000.644678126853,5,148,basic,Australia,0
CUST_779,2024-09-28,2024-12-06,1407.8263870915816,8,125,basic,USA,0
CUST_780,2024-02-11,2024-12-27,912.2260434604511,5,115,premium,Canada,0
CUST_781,2024-04-22,2024-12-07,1417.54296428109,8,113,basic,UK,0
CUST_782,2024-08-22,2024-12-04,4519.954052478303,0,135,premium,UK,0
CUST_783,2024-10-08,2024-12-16,2906.6921072360774,5,165,enterprise,Canada,0
CUST_784,2024-01-22,2024-11-29,4173.73926550183,7,34,enterprise,UK,0
CUST_785,2024-01-24,2024-12-26,1225.036663431029,7,133,basic,USA,0
CUST_786,2024-01-08,2024-12-20,1949.3603649987147,2,172,premium,Canada,0
CUST_787,2024-03-27,2024-12-10,876.5468474529963,0,78,premium,Australia,0
CUST_788,2024-11-11,2024-12-13,1138.55473233196,6,45,enterprise,USA,0
CUST_789,2024-06-13,2024-11-28,4126.487555301643,2,52,premium,Canada,0
CUST_790,2024-02-02,2024-12-03,3276.5303939806627,0,15,basic,Australia,0
CUST_791,2024-01-21,2024-12-15,3718.4090631026534,5,86,premium,Australia,0
CUST_792,2024-01-07,2024-12-11,523.2381922306679,2,7,basic,Australia,0
CUST_793,2024-01-21,2024-12-10,1403.6968355167753,4,15,basic,Australia,0
CUST_794,2024-05-03,2024-12-19,4236.147453460578,2,163,enterprise,Canada,0
CUST_795,2024-03-08,2024-12-17,3655.1476762914035,5,146,basic,UK,0
CUST_796,2024-05-27,2024-12-26,2031.1872446435395,2,140,basic,USA,0
CUST_797,2024-04-23,2024-12-26,2300.279889968144,6,191,basic,UK,0
CUST_798,2024-07-12,2024-12-21,3081.2711734612603,9,78,premium,Australia,0
CUST_799,2024-11-08,2024-12-03,3137.751684637209,2,189,enterprise,Australia,0
CUST_800,2024-06-11,2024-12-15,2040.2630508618045,6,69,premium,Canada,0
CUST_801,2024-02-15,2024-12-13,3135.8700781261077,3,19,enterprise,USA,0
CUST_802,2024-06-16,2024-12-03,3725.2737468433415,2,164,enterprise,USA,0
CUST_803,2024-11-14,2024-12-08,4443.005909200193,4,137,premium,Canada,0
CUST_804,2024-02-26,2024-12-05,4270.456106006986,5,141,enterprise,USA,0
CUST_805,2024-09-16,2024-12-11,4611.5262639398525,2,45,premium,Australia,0
CUST_806,2024-04-03,2024-12-18,2065.826623689645,5,24,enterprise,USA,0
CUST_807,2023-12-30,2024-12-03,3703.2227315764108,5,3,enterprise,UK,0
CUST_808,2024-03-21,2024-12-03,2470.9500128584054,4,130,basic,Canada,0
CUST_809,2024-06-06,2024-12-07,4309.728816697214,5,109,premium,USA,0
CUST_810,2024-11-13,2024-12-10,1715.085293058639,1,139,premium,Australia,0
CUST_811,2024-04-26,2024-12-13,3058.779147836452,5,173,enterprise,Canada,0
CUST_812,2024-09-24,2024-12-20,4493.776742739652,0,156,enterprise,Canada,0
CUST_813,2024-03-22,2024-12-19,3417.3468900539638,1,117,basic,Canada,0
CUST_814,2024-05-03,2024-11-28,3653.238341795549,1,97,premium,UK,0
CUST_815,2024-01-10,2024-12-03,1273.850468479371,1,155,basic,UK,0
CUST_816,2024-03-15,2024-12-07,2659.054735660647,5,198,basic,Australia,0
CUST_817,2024-01-07,2024-12-14,4868.774136737585,5,82,premium,Australia,0
CUST_818,2024-05-01,2024-12-06,3401.155413646422,2,79,premium,Canada,0
CUST_819,2024-02-26,2024-11-28,1610.8443521923107,3,139,basic,USA,0
CUST_820,2024-07-09,2024-12-16,1586.1084548881809,3,190,enterprise,UK,0
CUST_821,2024-11-01,2024-12-16,1716.56433055973,8,179,premium,Australia,0
CUST_822,2024-08-21,2024-12-01,1643.1268976543786,0,53,basic,USA,0
CUST_823,2024-08-16,2024-12-02,1227.9602828475465,6,185,premium,USA,0
CUST_824,2024-05-02,2024-12-23,4910.351401136565,8,42,premium,USA,0
CUST_825,2024-07-18,2024-12-21,3544.05936517564,3,198,enterprise,Australia,0
CUST_826,2024-06-04,2024-12-03,2563.0047508495936,3,12,premium,Australia,0
CUST_827,2024-01-26,2024-12-21,3055.9802256417943,6,107,basic,UK,0
CUST_828,2024-09-15,2024-12-11,2332.166881639202,1,178,premium,Canada,0
CUST_829,2024-05-18,2024-12-13,824.9313799626075,2,53,basic,UK,0
CUST_830,2024-03-12,2024-12-26,1978.992297860457,7,104,premium,UK,0
CUST_831,2024-02-16,2024-12-05,2151.4450399879074,4,180,enterprise,USA,0
CUST_832,2024-08-19,2024-12-02,2646.725804827094,0,96,premium,Australia,0
CUST_833,2024-04-23,2024-11-29,1784.1286656813302,0,40,basic,Canada,0
CUST_834,2024-10-09,2024-12-03,559.3882799142395,8,39,enterprise,Canada,1
CUST_835,2024-09-11,2024-12-11,1315.6389934358922,3,97,basic,UK,0
CUST_836,2024-08-06,2024-12-09,2115.665502757908,7,4,premium,UK,0
CUST_837,2024-08-03,2024-12-25,4228.5662497242365,0,67,premium,USA,0
CUST_838,2024-02-09,2024-11-28,3014.786141591735,1,75,premium,UK,0
CUST_839,2024-11-12,2024-12-16,4321.05165304401,5,191,premium,USA,0
CUST_840,2024-06-06,2024-12-03,4403.6179794645295,6,58,enterprise,Australia,0
CUST_841,2024-01-01,2024-12-10,1802.6212039027928,1,64,enterprise,UK,0
CUST_842,2023-12-31,2024-12-08,1607.430526558786,4,130,enterprise,USA,0
CUST_843,2024-01-10,2024-12-08,520.3753767456205,3,138,premium,Australia,0
CUST_844,2024-01-02,2024-11-29,3197.985044403447,8,196,enterprise,Canada,0
CUST_845,2024-02-09,2024-12-10,2025.4092813077998,0,7,enterprise,Australia,0
CUST_846,2024-04-28,2024-12-14,2845.446614184859,5,123,premium,UK,0
CUST_847,2024-04-23,2024-12-12,1501.4850954497201,6,141,premium,Australia,0
CUST_848,2024-01-01,2024-11-28,3487.172693502421,6,49,enterprise,UK,0
CUST_849,2024-02-04,2024-12-04,4550.658404296798,6,122,basic,UK,0
CUST_850,2024-01-16,2024-12-26,925.2933363916791,7,163,premium,USA,0
CUST_851,2024-04-13,2024-12-21,3730.3773783431634,2,41,enterprise,UK,0
CUST_852,2024-07-12,2024-12-16,1060.811465651905,4,22,enterprise,UK,0
CUST_853,2024-11-06,2024-12-16,746.9764956274179,8,44,premium,UK,1
CUST_854,2024-06-15,2024-12-17,217.02206626221977,8,156,premium,USA,0
CUST_855,2024-07-10,2024-12-18,607.990070634505,1,55,basic,Canada,0
CUST_856,2024-11-04,2024-11-29,3768.271947623653,1,153,basic,UK,0
CUST_857,2024-08-24,2024-12-16,4874.509890856765,0,36,enterprise,Canada,0
CUST_858,2024-08-29,2024-12-07,990.3408537071514,4,187,basic,USA,0
CUST_859,2024-07-25,2024-12-15,3995.291698151288,7,88,premium,USA,0
CUST_860,2024-06-21,2024-12-25,4329.376170284,3,77,enterprise,USA,0
CUST_861,2024-11-09,2024-12-20,1995.0895757382464,4,180,basic,Canada,0
CUST_862,2024-08-01,2024-12-09,637.7671432019898,2,71,enterprise,Australia,0
CUST_863,2024-04-06,2024-12-06,3541.559430096601,4,135,enterprise,Canada,0
CUST_864,2024-02-21,2024-12-23,1011.7952191546352,9,188,premium,USA,0
CUST_865,2024-05-27,2024-12-03,4048.9991282396777,0,24,premium,Australia,0
CUST_866,2024-11-25,2024-11-28,4566.918273016008,6,182,premium,Canada,0
CUST_867,2024-09-17,2024-12-01,2921.4928414886463,0,74,enterprise,USA,0
CUST_868,2024-06-25,2024-12-05,1014.3861774699966,1,121,premium,Canada,0
CUST_869,2024-10-27,2024-12-01,729.6829543372985,2,5,basic,USA,0
CUST_870,2024-11-08,2024-12-13,4572.178094814704,6,162,basic,USA,0
CUST_871,2024-11-21,2024-11-30,971.3482401568034,6,199,premium,Canada,0
CUST_872,2024-07-15,2024-12-25,1152.8715671550137,2,54,premium,Australia,0
CUST_873,2024-05-27,2024-12-14,955.9325338480958,4,31,enterprise,USA,0
CUST_874,2024-04-26,2024-12-01,284.42205986311797,2,35,basic,USA,0
CUST_875,2024-03-22,2024-11-29,1239.366007520584,0,73,enterprise,USA,0
CUST_876,2024-06-21,2024-12-02,485.2658445412844,2,26,enterprise,UK,0
CUST_877,2024-10-27,2024-12-01,4601.795054193187,1,131,enterprise,USA,0
CUST_878,2024-01-09,2024-11-28,189.7320921394045,2,108,enterprise,Canada,0
CUST_879,2024-01-22,2024-12-23,3538.571125370318,7,69,premium,Australia,0
CUST_880,2024-09-09,2024-12-06,2480.9285543882493,0,164,premium,USA,0
CUST_881,2024-04-02,2024-12-13,1732.9546553640766,9,166,enterprise,UK,0
CUST_882,2024-08-24,2024-12-21,3295.5102004308746,7,8,enterprise,UK,0
CUST_883,2024-07-04,2024-12-26,4474.067172270974,9,61,enterprise,Canada,0
CUST_884,2024-03-18,2024-11-30,4517.120896922878,0,170,enterprise,USA,0
CUST_885,2024-09-23,2024-12-08,4405.976167922229,7,84,basic,UK,0
CUST_886,2024-01-10,2024-11-30,3136.1128691950753,5,18,premium,Canada,0
CUST_887,2024-11-26,2024-12-11,1591.7255608763846,5,71,enterprise,USA,0
CUST_888,2024-02-18,2024-12-21,3042.1778496579836,3,183,basic,UK,0
CUST_889,2024-07-07,2024-11-28,165.25880292940116,7,133,basic,USA,0
CUST_890,2024-09-22,2024-11-30,4951.159805737932,4,54,basic,Australia,0
CUST_891,2024-06-01,2024-12-03,3772.64720708079,2,59,basic,Australia,0
CUST_892,2024-09-06,2024-12-11,4332.661819747227,2,146,basic,Canada,0
CUST_893,2024-09-07,2024-12-18,2910.2965840586503,7,123,basic,UK,0
CUST_894,2024-01-30,2024-12-21,3586.12311693209,0,41,enterprise,UK,0
CUST_895,2024-02-16,2024-11-30,3739.9598335805595,1,156,basic,Canada,0
CUST_896,2024-09-11,2024-12-09,2002.387134658943,9,166,basic,USA,0
CUST_897,2024-07-15,2024-12-12,2941.83570226656,3,39,enterprise,Canada,0
CUST_898,2024-07-14,2024-12-10,3717.3699622812933,3,15,basic,Australia,0
CUST_899,2024-10-24,2024-11-30,1540.6419488809686,2,166,basic,Australia,0
CUST_900,2024-11-20,2024-11-29,4584.069779540858,2,51,premium,Australia,0
CUST_901,2024-01-14,2024-12-22,3507.33175438762,2,144,enterprise,Canada,0
CUST_902,2024-04-21,2024-12-19,2896.120104559974,2,130,premium,UK,0
CUST_903,2024-08-17,2024-12-26,2350.392640705848,9,12,enterprise,USA,0
CUST_904,2024-05-07,2024-12-10,738.9792324936496,9,102,premium,Canada,0
CUST_905,2024-05-06,2024-12-20,2063.184858543813,3,119,premium,Australia,0
CUST_906,2024-05-30,2024-12-04,2863.9419551181854,4,162,enterprise,Australia,0
CUST_907,2024-08-18,2024-12-13,750.1451541878062,4,164,basic,Australia,0
CUST_908,2024-11-02,2024-12-24,2009.9780118798174,2,14,enterprise,UK,0
CUST_909,2024-07-22,2024-12-26,1567.7266830431624,1,92,enterprise,Canada,0
CUST_910,2024-11-07,2024-12-20,4378.245325361872,6,118,enterprise,UK,0
CUST_911,2024-09-08,2024-12-23,3923.750531117767,7,149,basic,USA,0
CUST_912,2024-11-19,2024-12-20,1067.039312063951,6,178,basic,UK,0
CUST_913,2024-03-11,2024-12-14,3459.7485329105302,4,189,enterprise,UK,0
CUST_914,2024-07-29,2024-12-08,2369.2283461773886,2,147,basic,USA,0
CUST_915,2024-07-20,2024-12-16,152.6679685747713,7,116,enterprise,Canada,0
CUST_916,2024-05-27,2024-12-23,3820.6410785745516,9,179,basic,USA,0
CUST_917,2024-08-19,2024-12-09,1658.7380025662753,0,145,basic,Australia,0
CUST_918,2024-02-14,2024-12-16,1561.3417049523061,6,103,premium,USA,0
CUST_919,2024-08-10,2024-12-13,1789.6639475413467,2,98,basic,UK,0
CUST_920,2024-08-30,2024-12-27,3930.3800759792307,3,137,premium,UK,0
CUST_921,2024-08-11,2024-11-28,2657.893028011334,7,19,premium,Australia,0
CUST_922,2024-08-20,2024-12-23,539.0799725475598,9,175,enterprise,USA,0
CUST_923,2024-06-24,2024-12-23,357.12296741101375,7,173,basic,Australia,0
CUST_924,2024-04-14,2024-12-10,308.1657492029598,1,46,premium,Australia,0
CUST_925,2024-05-02,2024-11-30,1311.7347274762465,7,67,basic,UK,0
CUST_926,2024-03-02,2024-11-29,4897.6623184620175,0,33,enterprise,Australia,0
CUST_927,2024-04-07,2024-12-17,3811.3291889158313,4,90,premium,UK,0
CUST_928,2024-04-18,2024-12-16,4146.091640158542,5,179,enterprise,UK,0
CUST_929,2024-07-01,2024-12-15,4081.1171688540753,1,38,basic,Canada,0
CUST_930,2024-09-05,2024-12-23,929.466491512344,3,44,premium,Canada,0
CUST_931,2024-06-06,2024-12-23,3551.332326585936,9,130,basic,USA,0
CUST_932,2024-08-27,2024-12-04,2002.6212326474138,0,23,premium,USA,0
CUST_933,2024-01-08,2024-12-27,1541.6398280009437,3,55,basic,UK,0
CUST_934,2024-05-30,2024-11-30,4987.872711376859,9,53,basic,UK,0
CUST_935,2024-10-06,2024-11-30,384.4790971655001,5,83,enterprise,USA,0
CUST_936,2024-10-02,2024-12-26,3347.0538377826997,2,147,premium,UK,0
CUST_937,2024-08-28,2024-12-08,4631.353419339915,9,111,basic,Australia,0
CUST_938,2024-10-02,2024-12-08,3746.8213139168765,4,21,premium,UK,0
CUST_939,2024-10-16,2024-12-04,4918.1204516648895,5,49,enterprise,UK,0
CUST_940,2024-11-10,2024-12-07,3349.672605200528,7,81,basic,UK,0
CUST_941,2024-10-20,2024-11-28,2993.567843567254,7,58,enterprise,Australia,0
CUST_942,2024-01-02,2024-12-05,3437.7599896163943,6,31,enterprise,USA,0
CUST_943,2024-08-13,2024-12-12,3899.906027125414,4,131,basic,Canada,0
CUST_944,2024-07-12,2024-11-29,3121.227983299143,1,91,enterprise,Canada,0
CUST_945,2024-11-26,2024-12-06,1715.830913995688,7,171,enterprise,USA,0
CUST_946,2024-08-02,2024-12-04,1036.170667328536,1,120,basic,Australia,0
CUST_947,2024-02-11,2024-12-20,3031.5532111743073,8,137,enterprise,UK,0
CUST_948,2024-08-10,2024-12-22,330.5298569903358,5,2,premium,Canada,0
CUST_949,2024-02-16,2024-12-15,3392.0780668129846,3,148,premium,Canada,0
CUST_950,2024-08-29,2024-12-26,4594.750832932529,8,83,basic,USA,0
CUST_951,2024-03-04,2024-12-24,3444.4136436008885,7,108,basic,UK,0
CUST_952,2024-01-19,2024-12-02,1852.526100514413,3,18,premium,Canada,0
CUST_953,2024-08-26,2024-12-26,3677.0969939690863,6,86,premium,Australia,0
CUST_954,2024-08-15,2024-12-19,4128.278891426524,0,173,premium,Canada,0
CUST_955,2024-06-30,2024-12-13,4429.467858344012,6,49,basic,Australia,0
CUST_956,2024-10-28,2024-11-30,3736.6508487838973,2,197,premium,Canada,0
CUST_957,2024-02-29,2024-12-23,4778.0931357504405,7,125,premium,USA,0
CUST_958,2024-07-05,2024-12-01,3891.462541827312,4,78,basic,Australia,0
CUST_959,2024-06-04,2024-12-09,405.82337054531774,5,40,enterprise,Canada,0
CUST_960,2024-03-23,2024-12-06,2648.5587156780675,7,29,enterprise,Australia,0
CUST_961,2024-06-10,2024-12-27,2816.5898105454403,4,194,enterprise,UK,0
CUST_962,2024-06-15,2024-12-23,920.08193722813,5,10,enterprise,USA,0
CUST_963,2024-02-13,2024-12-09,153.67844049566358,0,186,basic,USA,0
CUST_964,2024-03-01,2024-12-09,4459.175342464546,9,136,enterprise,Canada,0
CUST_965,2024-10-11,2024-11-29,3265.9874807299634,1,142,basic,UK,0
CUST_966,2024-01-15,2024-11-29,3511.1340402828505,1,126,premium,Australia,0
CUST_967,2024-08-14,2024-12-09,4488.73043666525,9,101,enterprise,Canada,0
CUST_968,2023-12-30,2024-12-21,2878.7060631973195,7,70,premium,Canada,0
CUST_969,2024-02-12,2024-12-09,4399.875346851928,4,105,premium,Canada,0
CUST_970,2024-07-25,2024-12-12,3566.301064919956,5,144,basic,Canada,0
CUST_971,2024-03-06,2024-12-19,1168.3026556993582,4,181,enterprise,Australia,0
CUST_972,2024-10-02,2024-11-28,1002.8143744455667,0,128,enterprise,Canada,0
CUST_973,2024-08-15,2024-12-01,1974.4535395312805,6,55,enterprise,USA,0
CUST_974,2024-04-10,2024-12-08,3174.4751251983294,4,55,enterprise,Australia,0
CUST_975,2024-11-17,2024-12-18,3898.422349370255,7,157,basic,USA,0
CUST_976,2024-05-27,2024-12-27,164.34076681910398,7,71,basic,Australia,0
CUST_977,2024-03-30,2024-12-16,2462.143697488194,5,164,premium,Canada,0
CUST_978,2024-09-24,2024-12-25,2994.333765789561,8,114,basic,Australia,0
CUST_979,2024-03-10,2024-12-08,1657.0566182486562,5,48,enterprise,USA,0
CUST_980,2024-10-22,2024-12-25,4733.308337175259,6,44,basic,Australia,0
CUST_981,2024-02-12,2024-12-17,962.8369739769873,5,34,premium,USA,0
CUST_982,2024-09-02,2024-12-20,802.2285594475646,5,28,enterprise,USA,0
CUST_983,2024-09-06,2024-11-28,1080.0122297975859,9,132,basic,Canada,0
CUST_984,2024-08-23,2024-12-22,1640.9073614793035,1,50,enterprise,Canada,0
CUST_985,2024-01-13,2024-12-05,2706.179440286697,1,124,basic,Canada,0
CUST_986,2024-07-23,2024-12-23,106.2120021310279,6,74,premium,USA,0
CUST_987,2024-09-12,2024-11-29,2988.0854804737414,5,150,basic,USA,0
CUST_988,2024-01-10,2024-12-03,1472.4728231836439,8,130,enterprise,UK,0
CUST_989,2024-05-18,2024-12-19,4028.899023138934,9,104,premium,UK,0
CUST_990,2024-05-11,2024-12-18,4549.258632095614,2,5,premium,UK,0
CUST_991,2024-09-21,2024-12-21,4011.401205304276,8,32,enterprise,UK,0
CUST_992,2024-02-16,2024-12-09,3712.1794206745294,8,46,premium,USA,0
CUST_993,2024-03-03,2024-12-16,2608.2352686735626,3,171,enterprise,Australia,0
CUST_994,2024-05-21,2024-12-15,3961.9500494194076,3,114,premium,Australia,0
CUST_995,2024-05-20,2024-12-22,4009.6990004500544,6,121,basic,UK,0
CUST_996,2024-10-14,2024-12-25,2894.2280554091644,8,188,basic,Australia,0
CUST_997,2024-06-05,2024-12-18,1487.0551664692807,0,20,enterprise,USA,0
CUST_998,2024-03-11,2024-12-12,1277.4429093197887,1,94,enterprise,Australia,0
CUST_999,2024-08-18,2024-12-06,340.4550578575534,4,44,enterprise,UK,0
